PersonID,Name,Nationality,Country Code,Hobby
0,Shane Boyle,Guatemala,221,Digital arts
1,Timothy Blackwell,Cuba,30,Skill games
2,Richard Hughes,Sri Lanka,680,Building Dollhouses
3,Carlos Moran,Singapore,855,Snorkeling
4,Martin Rogers,Australia,63,Badminton
5,Yvonne Hart,Guatemala,60,Singing In Choir
6,Tammy Ruiz,Denmark,291,Yo-yoing
7,Joseph Sanders,Tanzania,504,Climbing
8,Derek Rice,Guinea,291,Boating
9,Teresa Bradley,Andorra,212,Dowsing
10,Dr. Meagan Lewis MD,Azerbaijan,95,World Record Breaking
11,Sue Robinson,Turkey,258,Aerobics
12,Christopher Shelton,Spain,992,Shark Fishing
13,Robert Chambers,Burundi,674,Rock Collecting
14,Madison Norton,Pakistan,597,Foraging
15,Larry Williams,Costa Rica,58,Herping
16,Sabrina Baker,Solomon Islands,236,Machining
17,Jesse Barrett,United States,382,Four Wheeling
18,Becky Cook,The Bahamas,223,Architecture
19,Katelyn Brown DVM,Uganda,229,Foreign language learning
